МесяцДаты;%Revenue;%Absolute Margin;%Num of check;%Num of goods;%Num of unique clients
5;69.05428222402304;70.2904186598407;82.71925272444214;62.46259878070804;70.15605076203776
6;71.228821471501;71.44853612707055;82.084247935612;64.87924543301855;74.30584526954989
