МесяцДаты;Revenue;Absolute Margin;Margin;Average Margin;Average Check;# of check;# of goods;Average # of goods in check;# of unique clients;Value of a Client
5;209163004;44383896;0.2121976408409204;4838.536574730187;1858;9173;363458;3;53802;825
6;179275463;34500532;0.19244424988599806;3745.579415915753;1886;9211;315064;4;46908;735
