МесяцДаты;Revenue;Absolute Margin;Margin;Average Margin;Average Check;# of check;# of goods;Average # of goods in check;# of unique clients;Value of a Client
5;131314797;27782657;0.21157293492217788;3485.9042659974907;3247;7970;127969;3;34662;802
6;116337309;22218885;0.1909867538710217;2829.3499299630716;3219;7853;114253;3;32060;693
