МесяцДаты;Revenue;Absolute Margin;Margin;Average Margin;Average Check;# of check;# of goods;Average # of goods in check;# of unique clients;Value of a Client
5;190161700;39525525;0.20785218579766587;4102.285936689154;3175;9635;204873;3;49407;800
6;163328982;31097747;0.19039944178431234;3250.5223162955995;3300;9567;176101;3;43146;721
