ДеньНеделиДаты;Revenue;Absolute Margin;Margin;Average Margin;Average Check;# of check;# of goods;Average # of goods in check;# of unique clients;Value of a Client
1;49589459;16863392;0.3400600115439856;2967.3397853246524;3368;5683;49088;3;14011;1204
2;58690597;19174992;0.32671318712263225;3028.267845862287;3135;6332;67557;4;17502;1096
3;62632822;20110053;0.32107850736791005;3086.7310821181886;3153;6515;73508;4;18436;1091
4;56618387;18121864;0.320070298011139;2940.4290118448807;3119;6163;64596;3;17018;1065
5;47468883;15531096;0.3271847791320474;2688.4362125670764;3139;5777;51701;3;14247;1090
6;37156017;11635822;0.31316117655990955;2427.1635377555276;3409;4794;35827;3;10334;1126
7;41334517;13490620;0.32637662126304756;2675.1179853261947;3476;5043;38697;3;11300;1194
