МесяцДаты;Revenue;Absolute Margin;Margin;Average Margin;Average Check;# of check;# of goods;Average # of goods in check;# of unique clients;Value of a Client
5;186620821;38615920;0.20692182036858578;4558.60229016645;1920;8471;321522;3;48610;794
6;160564036;30451841;0.18965542819314782;3550.4070187711322;1948;8577;281027;3;42556;716
