ДеньНеделиДаты;Revenue;Absolute Margin;Margin;Average Margin;Average Check;# of check;# of goods;Average # of goods in check;# of unique clients;Value of a Client
1;53881469;11727498;0.21765364266516193;2311.748078060319;2040;5073;90462;3;15252;769
2;64520287;12383496;0.19193181828220943;2298.347438752784;1722;5388;120443;4;19254;643
3;69062638;13676019;0.19802340883648262;2411.5709751366603;1702;5671;128008;4;20375;671
4;62668114;12708180;0.20278542290262636;2304.2937443336355;1749;5515;111482;4;18815;675
5;52239347;10436651;0.19978524999556369;2012.854580520733;1828;5185;91739;3;15718;664
6;41029163;8452723;0.2060174369143236;1935.5903366155255;2140;4367;62542;3;11413;741
7;45037448;9499861;0.21093248889235464;2092.019599207223;2185;4541;73846;3;12335;770
