ДеньНеделиДаты;Revenue;Absolute Margin;Margin;Average Margin;Average Check;# of check;# of goods;Average # of goods in check;# of unique clients;Value of a Client
1;33969080;7358199;0.21661460952136471;1643.555729283002;3377;4477;29507;3;9752;755
2;41833912;7937765;0.18974474584160334;1536.5398761130468;3051;5166;45144;3;12978;612
3;43393361;8536307;0.19671919397992702;1629.0662213740459;3090;5240;47473;3;13245;644
4;39012320;7861662;0.20151741808741444;1588.8565076798707;3115;4948;40754;3;12008;655
5;32231378;6417628;0.1991111891027433;1413.8858779466843;3158;4539;31743;3;9840;652
6;26859258;5488594;0.2043464491833691;1460.8980569603407;3535;3757;22783;3;7337;748
7;30352796;6401388;0.21089945058109308;1585.6794649492197;3598;4037;24818;3;8180;783
